5,2020-07-22,2020-07-20,T0011,Mccoychester
9,2020-02-25,2020-02-24,T0011,Tonihaven
15,2020-03-09,2020-03-07,T0110,North Graceview
25,2020-02-16,2020-02-14,T0110,Michaelberg
27,2020-07-25,2020-07-24,T0010,Port Douglas
35,2020-08-26,2020-08-25,T0011,East Sara
45,2020-01-09,2020-01-08,T0110,East Randallstad
55,2020-01-08,2020-01-07,T0010,Maryton
63,2020-04-24,2020-04-23,T0010,Port Kaitlin
65,2020-08-20,2020-08-19,T0011,Jessicaburgh
75,2020-09-20,2020-09-19,T0010,East Andrew
81,2020-05-16,2020-05-13,T0010,East Robin
85,2020-05-31,2020-05-29,T0110,New David
95,2020-04-11,2020-04-10,T0110,New Alexismouth
99,2020-06-03,2020-06-02,T0011,Port Lori
105,2020-07-07,2020-07-05,T0110,Timothyside
115,2020-09-12,2020-09-10,T0110,Mezaville
117,2020-04-05,2020-04-03,T0110,North Lisa
125,2020-06-12,2020-06-10,T0011,Loribury
135,2020-04-14,2020-04-12,T0011,Port Thomasfort
145,2020-02-05,2020-02-03,T0110,East Veronicachester
153,2020-08-05,2020-08-04,T0110,New Jesse
155,2020-07-26,2020-07-25,T0110,Markville
165,2020-03-30,2020-03-28,T0110,West Nancy
171,2020-05-25,2020-05-23,T0010,Scottborough
175,2020-04-24,2020-04-23,T0010,Matthewmouth
185,2020-11-14,2020-11-11,T0010,East Robin
189,2020-01-06,2020-01-05,T0011,Lake Christopher
195,2020-09-25,2020-09-23,T0110,Curtisfort
