2,chemicals,1000,2020-06-27
3,chemicals,1000,2020-09-24
5,chemicals,1000,2020-07-22
8,harmless,800,2020-05-17
10,chemicals,1000,2020-06-12
13,chemicals,1000,2020-09-07
14,harmless,800,2020-01-23
19,harmless,800,2020-02-11
21,harmless,800,2020-08-03
22,harmless,800,2020-10-21
23,chemicals,1000,2020-10-25
25,chemicals,1000,2020-02-16
29,harmless,800,2020-09-18
30,harmless,800,2020-04-10
31,harmless,800,2020-06-13
34,harmless,800,2020-09-04
38,chemicals,1000,2020-07-23
40,chemicals,1000,2020-06-21
41,chemicals,1000,2020-03-24
43,harmless,800,2020-07-14
44,harmless,800,2020-09-28
50,harmless,800,2020-11-01
55,harmless,800,2020-01-08
58,chemicals,1000,2020-01-09
62,harmless,800,2020-07-22
65,harmless,800,2020-08-20
71,chemicals,1000,2020-07-11
72,chemicals,1000,2020-02-11
73,harmless,800,2020-08-18
78,harmless,800,2020-03-27
82,chemicals,1000,2020-07-18
85,chemicals,1000,2020-05-31
88,chemicals,1000,2020-10-13
89,chemicals,1000,2020-03-20
90,harmless,800,2020-08-09
92,chemicals,1000,2020-08-06
96,chemicals,1000,2020-08-07
100,chemicals,1000,2020-10-23
101,chemicals,1000,2020-11-05
102,chemicals,1000,2020-08-17
105,chemicals,1000,2020-07-07
106,harmless,800,2020-07-30
107,harmless,800,2020-06-26
108,chemicals,1000,2020-09-28
113,chemicals,1000,2020-09-09
116,chemicals,1000,2020-03-12
120,chemicals,1000,2020-03-11
123,chemicals,1000,2020-04-30
126,harmless,800,2020-04-13
130,harmless,800,2020-04-19
135,chemicals,1000,2020-04-14
139,harmless,800,2020-06-21
145,chemicals,1000,2020-02-05
146,chemicals,1000,2020-10-16
148,chemicals,1000,2020-05-23
152,chemicals,1000,2020-11-18
156,harmless,800,2020-05-28
158,chemicals,1000,2020-07-08
159,chemicals,1000,2020-03-09
163,harmless,800,2020-06-30
164,chemicals,1000,2020-04-04
165,chemicals,1000,2020-03-30
166,harmless,800,2020-06-29
167,chemicals,1000,2020-09-18
169,chemicals,1000,2020-01-20
170,harmless,800,2020-07-11
171,chemicals,1000,2020-05-25
173,chemicals,1000,2020-09-25
174,chemicals,1000,2020-10-30
175,harmless,800,2020-04-24
177,chemicals,1000,2020-03-27
178,chemicals,1000,2020-09-04
183,chemicals,1000,2020-08-17
184,harmless,800,2020-06-29
188,harmless,800,2020-10-07
190,harmless,800,2020-11-02
196,chemicals,1000,2020-02-25
198,harmless,800,2020-08-20
199,chemicals,1000,2020-04-15
