6,small box,600,2020-05-20
9,small box,600,2020-02-25
12,small box,600,2020-03-19
15,large box,800,2020-03-09
16,small envelope,200,2020-06-26
20,small envelope,200,2020-04-02
26,small envelope,200,2020-08-14
27,small envelope,200,2020-07-25
35,small box,600,2020-08-26
37,large box,800,2020-03-05
39,small envelope,200,2020-07-24
42,small envelope,200,2020-10-20
45,small envelope,200,2020-01-09
47,small box,600,2020-03-31
51,large box,800,2020-08-11
57,small envelope,200,2020-07-17
60,large box,800,2020-11-18
61,large box,800,2020-04-09
64,large box,800,2020-01-10
69,large box,800,2020-09-12
74,small box,600,2020-03-06
80,large box,800,2020-04-28
83,small envelope,200,2020-02-27
87,large box,800,2020-08-22
91,large box,800,2020-03-08
93,small envelope,200,2020-06-02
97,large box,800,2020-08-14
98,small envelope,200,2020-04-08
110,large box,800,2020-08-29
112,small box,600,2020-04-03
115,large box,800,2020-09-12
117,large box,800,2020-04-05
118,small box,600,2020-09-01
119,small box,600,2020-11-16
121,large box,800,2020-04-30
125,large box,800,2020-06-12
129,small box,600,2020-07-19
132,small envelope,200,2020-11-11
137,small envelope,200,2020-04-07
138,large box,800,2020-02-03
141,small envelope,200,2020-01-16
143,large box,800,2020-01-04
144,small envelope,200,2020-02-27
149,large box,800,2020-10-04
150,large box,800,2020-01-15
151,large box,800,2020-07-04
154,large box,800,2020-01-24
155,small box,600,2020-07-26
157,large box,800,2020-09-02
160,large box,800,2020-10-05
161,large box,800,2020-09-27
162,small box,600,2020-01-24
172,small box,600,2020-06-07
181,small box,600,2020-05-20
182,small envelope,200,2020-05-11
187,small box,600,2020-08-28
189,small box,600,2020-01-06
191,large box,800,2020-06-10
192,small envelope,200,2020-01-04
193,large box,800,2020-02-18
195,large box,800,2020-09-25
197,small box,600,2020-05-09
200,small box,600,2020-01-16
